2015-11-09 13:32:31,INVITES
2015-11-09 15:26:02,INVITES
2015-11-10 10:25:45,INVITES
2015-11-10 12:07:32,DIDITHELP
2015-11-10 13:00:54,DIDITHELP
2015-11-10 15:00:21,DIDITHELP
2015-11-11 10:24:03,TRANSLATOR
2015-11-11 13:40:46,DIDITHELP
2015-11-11 15:02:10,TRANSLATOR
2015-11-12 15:02:10,OMNITURE
2015-11-16 10:53:30,INVITES
2015-11-16 13:05:39,INVITES
2015-11-16 15:00:36,INVITES
2015-11-16 17:16:14,DIDITHELP
2015-11-17 11:07:17,WINPHONE
2015-11-17 13:08:10,TRANSLATOR
2015-11-17 15:40:29,DIDITHELP
2015-11-17 17:22:54,DIDITHELP
2015-11-18 10:20:02,SPECTRUM
2015-11-18 12:02:25,DIDITHELP
2015-11-18 15:00:44,DIDITHELP
2015-11-18 17:22:00,DIDITHELP
2015-11-19 10:08:40,DIDITHELP
2015-11-19 11:01:10,DIDITHELP
2015-11-19 13:03:16,DIDITHELP
2015-11-19 16:08:13,DIDITHELP
2015-11-20 11:14:48,DIDITHELP
2015-11-20 13:01:10,MEETINGS
2015-11-20 17:20:28,OMNITURE
2015-11-23 11:02:41,INVITES
2015-11-23 13:18:35,SPECTRUM
2015-11-23 15:27:48,SPECTRUM
2015-11-23 17:05:49,DIDITHELP
2015-11-24 09:22:54,DIDITHELP
2015-11-24 11:00:11,DIDITHELP
2015-11-24 13:18:39,DIDITHELP
2015-11-24 15:42:00,INVITES
2015-11-24 17:01:54,INVITES
2015-11-25 09:29:11,INVITES
2015-11-25 11:17:30,FEEDBACK
2015-11-25 13:37:27,DIDITHELP
2015-11-25 19:47:57,MOJI
2015-11-26 09:01:31,TRAINING
2015-11-26 11:01:31,TRAINING
2015-11-26 13:01:31,TRAINING
2015-11-26 15:01:31,TRAINING
2015-11-26 19:01:20,INVITES
2015-11-27 09:57:52,INVITES
2015-11-27 11:09:13,INVITES
2015-11-27 13:15:54,DIDITHELP
2015-11-27 15:05:01,DIDITHELP
2015-11-30 11:16:21,INVITES
2015-11-30 13:17:19,INVITES
2015-11-30 15:00:12,DIDITHELP
2015-11-30 17:13:46,DIDITHELP
2015-12-01 09:14:47,OMNITURESUPPORT
2015-12-01 11:00:20,TEAMSUPPORT
2015-12-01 13:23:44,FINANCEEXTRACT
2015-12-01 15:00:29,COMMERCESUPPORT
2015-12-02 09:00:09,INVITES
2015-12-02 11:00:09,DS
2015-12-02 13:12:04,SKYPE.COM
2015-12-02 16:44:36,SKYPE.COM
2015-12-02 17:00:06,MOJI
2015-12-03 09:56:48,WEDCS
2015-12-03 11:00:36,ANONUSERSFORJOHN
2015-12-03 13:16:34,MOJI
2015-12-03 15:04:08,MOJI
2015-12-03 17:00:06,MOJI
2015-12-04 10:37:15,BAU
2015-12-04 11:18:54,BAU
2015-12-04 17:30:45,SKYPE.COM
2015-12-07 10:42:46,INVITES
2015-12-07 11:04:30,MOJI
2015-12-07 13:01:06,BAU
2015-12-07 15:09:37,MOJI
2015-12-07 17:00:32,MOJI
2015-12-08 09:20:36,SPECTRUM
2015-12-08 11:45:09,MOJI
2015-12-08 13:18:27,MOJI
2015-12-08 15:18:03,MOJI
2015-12-08 17:02:05,MOJI
2015-12-09 09:05:22,DAU
2015-12-09 11:05:22,DAU
2015-12-09 13:05:22,DAU
2015-12-09 15:46:31,DAU
2015-12-10 09:05:22,DAU
2015-12-10 11:05:22,DAU
2015-12-10 13:05:22,DAU
2015-12-10 15:46:31,DAU
2015-12-10 17:46:31,DAU
2015-12-10 19:05:15,DAU
2015-12-10 21:05:15,DAU
2015-12-14 10:47:46,SPECTRUM
2015-12-14 11:15:03,INVITES
2015-12-14 15:00:14,DAU
2015-12-14 17:00:08,DAU
2015-12-14 19:00:36,DAU
2015-12-15 09:01:44,DAU
2015-12-15 11:05:11,DAU
2015-12-15 13:00:30,DAU
2015-12-15 15:06:30,DAU
2015-12-15 17:06:12,DAU
2015-12-16 11:00:33,Q4Q5
2015-12-16 13:00:09,ANDROID
2015-12-16 15:01:30,ANDROID
2015-12-16 17:25:13,DAU
2015-12-17 09:21:31,Q4Q5
2015-12-17 11:53:40,Q4Q5
2015-12-17 13:08:51,DAU
2015-12-17 15:01:11,DAU
2015-12-17 17:12:56,DAU
2015-12-18 08:56:12,TELEMETRY
2015-12-18 09:08:33,DAU
2015-12-18 11:00:11,Q4Q5
2015-12-18 15:09:40,ANDROID
2015-12-18 17:45:18,DAU
2015-12-18 19:06:05,DAU
2016-01-04 10:31:55,DAUWINDOWS
2016-01-04 11:02:35,SYNC
2016-01-04 13:00:23,DELPHIDAU
2016-01-04 15:02:42,IOS
2016-01-04 17:00:10,DAU
2016-01-05 09:52:33,DAU
2016-01-05 11:00:04,DAU
2016-01-05 13:00:05,DAU
2016-01-05 15:12:39,DAU
2016-01-05 17:00:33,WINTEAMTELEMETRY
2016-01-06 09:05:13,DAU
2016-01-06 13:43:51,DAU
2016-01-06 17:31:09,DAU
2016-01-07 10:10:07,DAU
2016-01-07 11:00:05,DAU
2016-01-07 13:08:16,DAU
2016-01-07 15:00:06,DAU
2016-01-08 09:33:33,DAU
2016-01-08 15:00:14,DAU
2016-01-08 17:00:08,DAU
2016-01-13 13:39:54,PLATFORMSPLIT
2016-01-13 15:00:22,DAU
2016-01-13 17:00:12,PARTNER
2016-01-14 11:07:12,IMPACT
2016-01-14 13:48:09,HOLIDAYCARD
2016-01-14 15:01:55,IMPACT
2016-01-15 11:23:33,HOLIDAYCARD
2016-01-15 13:05:39,EXPERIMENTS
2016-01-15 15:09:42,HOLIDAYCARD
2016-01-15 17:07:10,HOLIDAYCARD
2016-01-18 11:04:04,HOLIDAY
2016-01-18 13:38:30,IMPACT
2016-01-18 15:12:09,IMPACT
2016-01-18 17:03:23,HOLIDAY
2016-01-19 11:10:38,DAU
2016-01-19 13:11:47,DAU
2016-01-20 11:08:03,DAU
2016-01-20 14:10:16,IMPACT
2016-01-20 16:10:54,IMPACT
2016-01-21 12:27:06,IMPACT
2016-01-21 13:07:44,IMPACT
2016-01-21 15:00:08,IMPACT
2016-01-21 17:09:57,IMPACT
2016-01-21 19:15:12,MOJI
2016-01-22 11:19:30,MOJI
2016-01-22 13:01:03,IMPACT
2016-01-22 17:00:10,IMPACT
2016-01-22 19:00:09,IMPACT
2016-01-25 11:02:57,TRAINING
2016-01-25 13:01:55,IMPACT
2016-01-25 15:21:56,IMPACT
2016-01-25 17:02:34,IMPACT
2016-01-26 11:00:06,IMPACT
2016-01-26 13:04:44,IMPORT
2016-01-26 15:00:05,IMS
2016-01-26 17:04:58,MAU
2016-01-27 11:11:35,AUCU
2016-01-27 13:22:34,AUCU
2016-01-27 15:05:15,MOJI
2016-01-27 19:05:57,IMPACT
2016-01-28 11:43:44,IMPACT
2016-01-28 13:27:44,MOJI
2016-01-28 17:01:00,EXPERIMENTATION
2016-01-29 11:00:11,AU
2016-01-29 13:36:58,AU
2016-01-29 17:04:51,BAU
2016-02-01 11:00:13,INSTALLS
2016-02-01 13:00:18,IMPACT
2016-02-01 15:00:55,DS
2016-02-01 17:04:04,EXPERIMENTATION
2016-02-02 11:00:07,HCL
2016-02-02 13:22:28,IMDECK
2016-02-02 15:09:06,EXPERIMENTATION
2016-02-02 17:58:34,IM
2016-02-03 11:04:34,AU
2016-02-03 13:33:20,IMPACT
2016-02-03 15:00:30,IM
2016-02-03 17:05:32,IM
2016-02-04 11:03:43,MSA
2016-02-04 13:05:46,BLOG
2016-02-04 15:23:31,BAU
2016-02-04 17:34:48,AU
2016-02-05 11:01:05,AU
2016-02-05 13:00:35,IM
2016-02-05 15:38:41,AU
2016-02-05 17:00:06,IM
2016-02-08 13:00:06,IM
2016-02-08 15:00:06,IM
2016-02-08 17:12:14,IM
2016-02-09 11:00:31,IM
2016-02-09 13:03:15,IM
2016-02-09 15:02:49,IM
2016-02-09 17:00:41,IM
2016-02-09 19:00:06,IM
2016-02-10 09:01:41,IM
2016-02-10 11:00:05,IM
2016-02-10 13:04:34,IM
2016-02-10 15:01:29,IM
2016-02-10 17:05:05,IM
2016-02-11 11:00:12,IM
2016-02-11 13:00:06,IM
2016-02-11 15:01:36,IM
2016-02-12 11:00:13,AU
2016-02-12 15:01:36,IM
2016-02-15 11:00:12,IMPACT
2016-02-15 13:15:21,IMPACT
2016-02-15 15:00:08,MOJI
2016-02-15 17:04:39,IMPACT
2016-02-16 11:05:25,IMPACT
2016-02-16 13:39:13,IMPACT
2016-02-16 15:00:07,IMPACT
2016-02-16 17:00:09,IMPACT
2016-02-17 11:00:28,MOJI
2016-02-18 11:08:09,CHURN
2016-02-18 15:03:30,CHURN
2016-02-18 19:00:07,CHURN
2016-02-19 09:40:32,IMDROP
2016-02-19 11:00:08,CHURN
2016-02-19 13:01:06,IMDROP
2016-02-22 11:16:15,JOB
2016-02-22 13:00:09,CHURN
2016-02-22 16:05:44,CHURN
2016-02-22 17:00:23,WEDCS
2016-02-23 11:01:16,CHURN
2016-02-23 13:36:23,CHURN
2016-02-25 11:00:10,CHURN
2016-02-25 13:25:10,CHURN
2016-02-25 17:01:49,CHURN
2016-02-25 19:00:09,CHURN
2016-02-26 13:00:13,CHURN
2016-02-26 15:18:59,CHURN
2016-02-29 11:00:06,URGENT
2016-02-29 13:07:14,URGENT
2016-02-29 15:07:08,ACTIVE_USER_DROP
2016-02-29 17:06:26,ADHOC_MOZ
2016-03-01 13:08:58,HCL
2016-03-01 15:04:36,MOZ_DATAPULL
2016-03-01 17:00:05,URGENT_PULL
2016-03-02 11:02:22,CHURN
2016-03-02 13:01:27,BLOG
2016-03-02 15:39:34,LIFECYCLE_MODEL
2016-03-02 17:14:03,CHURN
2016-03-03 11:55:29,PPDRIVE
2016-03-03 15:11:58,CATCHING_UP
2016-03-04 11:03:29,MOZ_PULL
2016-03-04 14:00:07,ADMIN
2016-03-04 15:00:21,MOZ_PULL
2016-03-04 17:07:31,STUDY
2016-03-07 12:28:01,BLOG
2016-03-07 13:00:03,AU
2016-03-07 15:00:24,EXPERIMENTATION
2016-03-07 17:00:28,EXPERIMENTATION
2016-03-08 11:10:54,AU
2016-03-08 13:00:18,AU
2016-03-08 17:01:00,AU
2016-03-09 11:00:55,AU
2016-03-09 13:05:53,AU
2016-03-09 17:00:04,AU
2016-03-10 11:00:43,AU
2016-03-10 13:00:08,AU
2016-03-10 15:03:30,AU
2016-03-10 17:00:32,AU
2016-03-11 11:00:46,AU
2016-03-11 15:04:05,AU
2016-03-11 17:18:59,IM
2016-03-14 11:03:37,AU
2016-03-14 13:00:04,IM
2016-03-14 15:28:37,IM
2016-03-14 17:00:13,AU
2016-03-15 15:03:16,HCL
2016-03-15 17:36:45,IM
2016-03-15 19:00:06,IM
2016-03-16 11:01:26,AU
2016-03-16 13:00:42,MSA
2016-03-16 15:00:03,AU
2016-03-17 11:00:28,AU
2016-03-17 13:00:15,AU
2016-03-17 15:13:55,AU
2016-03-17 17:01:57,AU
2016-03-18 11:00:10,AU
2016-03-18 13:12:58,AU
2016-03-18 15:19:00,DAILY_HABITS
2016-03-18 17:00:10,DAILYHABIT
2016-03-21 11:11:26,AU
2016-03-21 13:03:28,DH
2016-03-21 15:10:57,DH
2016-03-21 17:04:33,AU
2016-03-22 11:00:05,DH
2016-03-22 13:05:42,DH
2016-03-22 15:00:07,ROB
2016-03-22 17:00:52,ROB
2016-03-23 11:00:11,AU
2016-03-23 13:17:14,AU
2016-03-23 15:00:05,DH
2016-03-23 17:00:16,DH
2016-03-24 09:22:50,AU
2016-03-24 13:42:01,AU
2016-03-24 15:08:07,AU
2016-03-28 11:00:27,AU
2016-03-28 13:00:05,AU
2016-03-28 15:00:07,AU
2016-03-28 17:06:37,AU
2016-03-29 11:04:24,AU
2016-03-29 13:03:02,AU
2016-03-29 17:02:37,AU
2016-03-30 11:06:08,AU
2016-03-30 13:00:51,AU
2016-03-30 15:06:15,AU
2016-03-31 11:04:22,AU
2016-03-31 13:04:37,AU
2016-03-31 17:06:37,AU
2016-04-01 11:00:37,AU
2016-04-01 13:22:41,AU
2016-04-01 17:00:07,AU
2016-04-04 11:08:44,AU
2016-04-04 13:15:47,AU
2016-04-05 11:04:20,AU
2016-04-05 13:32:44,AU
2016-04-05 15:00:03,AU
2016-04-05 17:00:05,AU
2016-04-06 12:34:04,AU
2016-04-06 13:09:09,AU
2016-04-06 15:01:13,AU
2016-04-06 17:19:12,AU
2016-04-07 11:05:04,AU
2016-04-07 13:10:16,AU
2016-04-07 15:05:26,AU
2016-04-08 11:00:31,AU
2016-04-08 15:09:20,AU
2016-04-08 17:15:36,AU
2016-04-12 11:00:05,AU
2016-04-12 13:00:55,AU
2016-04-12 15:00:05,AU
2016-04-13 11:00:38,ORGANIZE
2016-04-13 13:15:07,AU
2016-04-13 15:02:25,IMAU
2016-04-13 17:12:23,AU
2016-04-14 13:00:08,AU
2016-04-14 17:00:06,DYSYUD
2016-04-20 17:01:37,AU
2016-04-21 13:09:48,AU
2016-04-21 15:00:06,AU
2016-04-21 17:00:05,AU
2016-04-22 11:00:07,AU
2016-04-22 17:04:48,AU
2016-04-25 11:00:42,AU
2016-04-25 13:00:27,AU
2016-04-25 17:01:18,AU
2016-04-26 11:00:17,AHA
2016-04-26 13:01:03,AHA
2016-04-26 17:11:20,AHA
2016-04-27 11:00:15,AHA
2016-04-27 13:32:14,AHA
2016-04-27 17:00:05,AHA
2016-04-28 09:01:30,AHA
2016-04-28 11:03:08,AHA
2016-04-28 13:40:41,AHA
2016-04-28 17:01:33,AHA
2016-04-29 11:00:20,AHA
2016-04-29 17:03:25,AHA
2016-05-02 11:01:07,AHA
2016-05-02 13:27:14,AHA
2016-05-02 15:36:05,AHA
2016-05-02 17:00:16,AHA
2016-05-03 09:00:26,AHA
2016-05-03 11:00:05,AHA
2016-05-03 15:16:30,AHA
2016-05-03 17:04:31,AHA
2016-05-04 11:01:10,AHA
2016-05-04 13:15:09,AHA
2016-05-04 15:06:09,AHA
2016-05-04 17:00:09,AU
2016-05-05 09:00:23,AU
2016-05-05 11:01:48,AU
2016-05-05 13:00:10,AU
2016-05-05 15:16:42,AU
2016-05-10 11:19:27,CATCHINGUP
2016-05-10 13:05:58,DATAPULL
2016-05-10 15:02:49,AU
2016-05-10 17:05:57,AU
2016-05-11 11:01:57,AHA
2016-05-11 15:00:10,AU
2016-05-12 11:03:41,AU
2016-05-12 13:01:22,AHA
2016-05-12 16:22:53,AHA
2016-05-12 17:00:18,AHA
2016-05-12 19:00:44,AHA
2016-05-13 11:03:15,AU
2016-05-13 13:00:21,INVITES
2016-05-13 15:22:06,AHA
2016-05-13 17:00:19,AHA
2016-05-16 09:01:37,AHA
2016-05-16 11:00:05,AHA
2016-05-16 13:19:21,AHA
2016-05-16 17:02:00,AHA
2016-05-17 11:02:09,COSMOS
2016-05-17 13:16:45,AHA
2016-05-17 17:17:57,ACCOUNTS
2016-05-18 11:01:25,ANTHENTICATION
2016-05-18 13:51:42,AHA
2016-05-18 17:00:04,AHA
2016-05-19 11:00:29,AHA
2016-05-19 13:06:21,AHA
2016-05-19 15:05:39,AHA
2016-05-19 19:11:54,AHA
2016-05-20 09:18:49,AHA
2016-05-20 15:19:55,AHA
2016-05-20 17:04:29,AHA
2016-05-23 13:15:45,AHA
2016-05-23 15:16:53,ASKS
2016-05-24 11:00:53,CONVO
2016-05-24 13:00:28,AHA
2016-05-24 15:02:00,AHA
2016-05-24 17:00:55,AHA
2016-05-25 13:08:36,AHA
2016-05-25 15:29:56,AHA
2016-05-25 21:00:13,AHA
2016-05-26 11:00:05,AHA
2016-05-26 17:00:07,AHA
2016-05-27 09:00:09,AHA
2016-05-27 13:10:06,AHA
2016-05-27 17:05:10,AHA
2016-05-30 11:00:11,CONVO
2016-05-30 13:06:43,CONVO
2016-05-31 08:59:18,CONVO
2016-05-31 09:00:31,CONVO
2016-05-31 11:00:33,CONVO
2016-05-31 13:00:04,CONVO
2016-05-31 15:01:05,SD
2016-05-31 17:00:11,DATA_VALIDATIONS
2016-06-01 11:00:59,AU
2016-06-01 13:03:32,AU
2016-06-01 15:10:06,VALIDATIONS
2016-06-01 17:00:13,VALIDATIONS
2016-06-02 11:00:12,AU
2016-06-02 13:08:18,VALIDATIONS
2016-06-02 15:00:22,AU
2016-06-02 17:04:17,VALIDATIONS
2016-06-07 13:00:14,AU
2016-06-07 21:39:07,AU
2016-06-08 08:28:32,AU
2016-06-08 11:00:52,AU
2016-06-08 13:06:33,AU
2016-06-08 15:00:21,VALIDATIONS
2016-06-08 17:00:08,SD VALIDATIONS
2016-06-09 11:00:42,AU
2016-06-09 13:01:32,SD
2016-06-09 15:00:33,VALIDATIONS
2016-06-10 11:00:06,VALIDATIONS
2016-06-10 15:26:21,AU
2016-06-10 17:18:20,VALIDATIONS
2016-06-13 11:00:48,AU
2016-06-13 13:06:15,AU
2016-06-13 15:09:02,VALIDATIONS
2016-06-13 17:00:31,AU
2016-06-14 11:02:58,AU
2016-06-14 13:00:43,AU
2016-06-14 15:10:55,VALIDATIONS
2016-06-14 17:02:44,VALIDATIONS
2016-06-15 13:05:10,AU
2016-06-16 07:10:37,CHECK-IN
2016-06-17 17:00:27,VALIDATIONS
2016-06-20 15:39:47,AHA
2016-06-21 11:00:05,AHA
2016-06-21 13:13:24,AHA
2016-06-21 17:02:31,VALIDATIONS
2016-06-21 19:02:12,VALIDATIONS
2016-06-22 10:08:20,VALIDATED
2016-06-22 11:00:05,VALIDATIONS
2016-06-22 13:10:54,VALIDATIONS
2016-06-27 11:14:10,AU
2016-06-27 13:07:52,EXPENSES
2016-06-27 15:16:49,GROUPS
2016-06-27 17:00:17,VALIDATIONS
2016-06-28 11:06:52,GROUPS
2016-06-28 13:19:49,GROUPS
2016-06-29 09:22:04,AU
2016-06-29 11:14:50,AU
2016-06-29 17:01:09,AU
2016-06-29 19:00:10,AU
2016-07-04 11:04:39,AU
2016-07-04 15:00:08,AU
2016-07-04 17:13:38,AU
2016-07-05 11:00:07,AU
2016-07-05 13:05:25,AU
2016-07-05 15:13:22,AU
2016-07-05 17:00:28,AU
2016-07-06 11:00:43,AU
2016-07-06 13:02:11,AU
2016-07-06 15:18:50,AU
2016-07-07 11:03:15,AU
2016-07-07 13:19:02,GROUPS
2016-07-07 15:17:26,AU
2016-07-07 17:06:15,AU
2016-07-08 17:00:09,AU
2016-07-11 13:08:01,AU
2016-07-11 17:01:12,GROUPS
2016-07-12 11:26:02,GROUPS
2016-07-12 13:05:51,AU
2016-07-12 15:02:32,AU
2016-07-13 11:16:25,AU
2016-07-13 13:01:10,TRANSLATOR
2016-07-13 15:11:30,GROUPS
2016-07-13 17:01:51,TABLEAU
2016-07-14 11:15:00,IMPACT
2016-07-14 13:00:11,AU
2016-07-14 15:11:46,GROUPS
2016-07-14 17:32:33,GROUPS
2016-07-18 10:03:38,MODEL
2016-07-18 11:11:14,MODEL
2016-07-18 13:08:41,MODEL
2016-07-18 15:00:15,MODEL
2016-07-18 17:01:30,MODEL
2016-07-19 10:19:26,MODEL
2016-07-19 11:08:58,GROUPS
2016-07-19 13:01:28,GROUPS
2016-07-19 15:00:56,GROUPS
2016-07-19 17:01:14,GROUPS
2016-07-20 09:02:33,GROUPS
2016-07-20 11:00:41,GROUPS
2016-07-20 13:08:59,GROUPS
2016-07-20 15:00:06,GROUPS
2016-07-20 17:01:40,GROUPS
2016-07-20 19:39:48,INVITES
2016-07-21 10:00:26,GROUPS
2016-07-21 11:02:17,GROUPS
2016-07-21 13:00:18,GROUPS
2016-07-21 15:05:10,GROUPS
2016-07-21 17:03:28,MODEL
2016-07-25 09:07:08,GROUPS